UserID,Age,Gender,Education_Level,Programming_Skill_Level,AI_ML_Skill_Level,Data_Analysis_Skill_Level,Cybersecurity_Skill_Level,Web_Development_Skill_Level,Interest_in_Management,Interest_in_Research,Job_Search_Count,Career_Switches,career_label
1,24,0,3,5,2,1,7,3,0,0,9,4,0
2,37,1,0,9,8,7,2,1,0,0,2,4,0
3,32,0,2,2,6,9,10,7,1,0,2,2,2
4,28,1,0,5,1,5,6,3,1,1,6,3,3
5,25,1,0,5,8,5,9,8,0,0,6,2,2
6,38,0,3,1,9,9,10,3,0,0,8,2,1
7,24,0,1,6,1,10,7,7,0,0,2,4,0
8,43,1,0,1,2,6,5,8,0,1,9,2,3
9,36,0,1,5,10,6,9,8,1,1,2,1,2
10,40,0,2,0,9,10,8,9,0,1,1,2,1
11,28,1,0,2,1,5,6,3,0,0,2,1,0
12,28,1,3,1,2,3,9,0,0,1,7,4,2
13,41,0,2,6,5,10,4,2,1,0,8,3,5
14,38,1,2,3,8,8,7,8,0,0,5,1,1
15,21,0,3,7,8,5,1,3,1,0,6,3,5
16,25,0,0,5,6,3,6,4,1,1,1,3,3
17,41,0,0,9,2,2,3,6,1,1,6,1,3
18,20,1,2,3,3,3,8,4,1,0,8,4,2
19,39,0,0,4,5,2,0,3,1,0,3,0,5
20,38,0,1,8,10,1,6,1,1,1,1,3,3
21,19,0,3,6,4,4,5,1,1,1,4,3,3
22,41,1,1,9,1,1,7,3,0,1,1,4,3
23,29,1,0,8,5,5,4,9,0,0,8,4,4
24,23,1,2,6,2,2,0,9,1,0,5,2,5
25,19,1,3,0,7,5,0,8,0,0,1,4,0
26,38,1,0,7,1,10,8,7,0,1,8,3,2
27,18,0,0,3,0,9,9,2,1,1,9,1,2
28,29,1,2,2,8,8,5,8,0,1,2,0,1
29,43,1,2,6,2,0,9,4,1,0,9,2,2
30,39,1,1,2,10,5,4,10,0,0,8,1,0
31,29,0,3,7,0,8,0,2,1,1,7,0,3
32,42,1,3,5,6,10,5,4,1,0,3,0,5
33,34,1,2,4,9,3,5,9,0,1,2,0,3
34,44,0,1,3,4,10,2,3,0,0,7,1,0
35,44,1,3,7,4,1,7,7,1,1,5,2,3
36,27,0,2,7,0,3,0,4,1,0,6,2,5
37,33,0,0,0,8,0,0,9,1,0,4,0,5
38,32,0,3,8,6,2,5,7,0,1,2,1,3
39,32,0,1,4,7,9,9,8,0,1,9,0,2
40,36,0,1,3,8,8,0,3,0,1,3,4,1
41,29,1,1,5,5,9,5,6,0,1,7,2,3
42,40,0,0,5,4,4,0,1,1,1,8,3,3
43,37,0,3,1,5,10,5,5,1,0,2,0,5
44,42,1,3,7,10,5,2,7,1,1,6,4,3
45,20,0,0,6,1,2,7,6,1,1,8,2,3
46,22,1,3,0,3,4,5,6,0,1,7,1,3
47,36,1,0,4,2,10,10,7,1,0,3,2,2
48,24,1,0,5,6,7,0,6,1,1,1,1,3
49,38,0,0,3,8,5,4,4,0,1,6,1,3
50,26,0,1,1,4,3,7,6,0,1,8,0,3
51,24,0,3,3,5,1,2,9,1,0,6,0,5
52,35,1,0,0,9,8,5,2,0,0,5,2,1
53,21,0,3,6,1,0,4,4,1,1,8,4,3
54,42,0,1,1,2,0,5,6,0,0,2,2,0
55,31,0,0,1,2,3,9,8,0,1,1,3,2
56,35,1,2,8,8,6,0,1,1,0,1,1,5
57,43,1,1,4,6,0,6,3,0,1,4,1,3
58,26,0,2,1,7,8,8,6,1,0,6,0,2
59,43,0,3,10,10,3,1,0,0,1,9,4,3
60,38,0,3,8,9,2,9,1,0,1,1,0,2
61,19,0,1,8,10,0,4,8,0,0,1,3,4
62,37,1,3,0,8,9,9,9,0,1,5,2,1
63,32,1,2,10,5,3,3,6,0,1,5,2,3
64,24,1,0,2,3,8,5,9,1,1,5,4,3
65,29,1,0,3,0,9,5,6,0,1,6,0,3
66,25,0,0,6,7,5,10,5,1,0,8,0,2
67,32,0,1,9,6,5,1,2,0,1,3,3,3
68,20,0,3,3,1,0,1,9,1,0,9,2,5
69,31,1,2,1,7,9,3,2,0,0,1,0,0
70,34,0,3,6,4,1,0,1,1,0,4,4,5
71,21,1,3,5,6,10,8,10,1,0,9,2,2
72,35,1,3,2,3,5,6,5,0,1,8,3,3
73,25,0,0,5,4,1,6,3,0,1,9,4,3
74,21,0,2,10,7,2,2,4,0,0,1,1,0
75,19,0,2,5,0,3,10,2,1,1,9,3,2
76,23,1,3,4,0,10,2,5,1,0,3,4,5
77,39,0,0,3,3,4,0,10,0,1,9,0,3
78,27,1,0,9,2,8,2,2,0,1,1,1,3
79,21,0,2,0,9,3,2,7,1,1,1,3,3
80,39,1,0,9,1,10,3,8,1,0,9,0,4
81,35,1,0,5,2,8,3,3,0,0,6,1,0
82,43,0,0,1,10,10,2,8,1,1,4,2,1
83,29,1,1,2,10,9,9,6,0,0,7,0,1
84,19,1,3,7,10,2,7,2,0,0,5,4,0
85,27,0,2,9,0,7,7,6,0,1,7,3,3
86,21,1,2,5,0,0,0,0,1,0,8,1,5
87,31,0,1,2,5,10,6,2,1,1,8,0,3
88,33,1,3,6,4,8,10,5,1,1,1,2,2
89,32,0,2,3,7,8,1,3,1,1,8,3,3
90,25,0,0,8,1,9,0,6,0,0,6,3,0
91,31,1,2,4,3,1,2,2,1,1,4,0,3
92,40,1,0,2,7,3,3,0,0,1,8,2,3
93,42,1,1,1,5,7,5,8,0,0,3,1,0
94,25,1,0,10,0,6,9,5,0,0,4,0,2
95,38,1,2,1,3,0,4,7,1,0,6,1,5
96,33,0,2,2,0,4,3,2,0,0,7,3,0
97,30,1,2,1,1,6,7,7,0,1,4,1,3
98,35,0,1,3,4,3,10,1,1,0,4,2,2
99,32,0,1,1,7,0,3,3,0,0,7,4,0
100,38,1,3,9,7,8,9,2,1,0,6,2,2
101,41,0,2,8,10,4,1,9,1,0,8,1,4
102,43,0,0,1,2,10,2,0,1,1,1,0,3
103,42,0,1,8,10,1,5,6,0,0,7,3,0
104,30,0,2,5,3,7,7,10,1,1,7,4,3
105,26,1,2,0,9,10,7,9,1,0,7,0,1
106,32,0,1,3,10,1,10,1,1,1,7,0,2
107,30,1,3,0,5,2,8,3,1,1,8,2,2
108,18,1,1,5,10,9,6,8,0,0,9,1,1
109,42,0,1,3,10,0,1,5,1,1,9,2,3
110,24,1,0,2,9,10,7,7,0,0,2,1,1
111,26,1,0,2,2,1,6,1,1,1,7,2,3
112,41,1,3,8,1,6,7,6,0,1,7,0,3
113,18,0,2,5,5,9,2,5,1,1,4,3,3
114,29,1,1,8,10,1,6,8,0,0,9,1,4
115,25,1,3,4,4,5,9,6,1,1,8,4,2
116,41,1,0,1,9,2,8,0,0,0,1,4,2
117,28,0,1,7,4,3,2,7,0,1,2,0,3
118,36,1,2,4,9,10,9,10,0,1,2,2,1
119,34,0,0,1,4,7,5,9,1,1,8,2,3
120,25,0,0,3,9,2,1,2,0,1,1,0,3
121,20,0,0,8,4,9,1,1,0,1,4,4,3
122,20,0,3,3,2,5,4,2,0,1,5,4,3
123,18,0,2,3,6,0,4,10,0,0,9,2,0
124,44,0,1,1,5,6,6,5,1,0,7,1,5
125,22,1,3,5,3,7,1,2,0,0,8,3,0
126,27,0,3,10,1,10,10,9,0,1,9,1,2
127,24,1,3,1,8,7,6,4,0,0,7,4,0
128,43,1,0,6,0,2,4,5,1,1,5,1,3
129,26,0,2,2,10,9,5,7,0,0,5,3,1
130,24,1,3,2,3,0,7,6,0,0,6,1,0
131,26,1,1,4,0,8,9,10,0,1,5,1,2
132,25,1,2,2,5,5,3,7,0,1,9,1,3
133,29,1,1,1,3,10,6,2,1,0,3,1,5
134,19,0,2,9,4,8,5,3,0,0,3,0,0
135,18,1,1,8,4,6,9,5,0,0,7,4,2
136,33,0,0,1,8,0,1,10,1,0,7,3,5
137,40,1,3,10,0,0,7,6,1,1,6,4,3
138,40,1,1,1,1,5,9,8,1,0,3,0,2
139,41,0,2,7,5,4,8,0,0,1,7,0,2
140,22,1,3,8,4,8,4,7,1,1,5,0,3
141,20,1,3,6,10,1,9,7,0,0,7,0,2
142,29,1,2,2,6,7,3,5,1,1,2,1,3
143,25,0,1,8,2,10,5,3,0,0,6,4,0
144,39,1,0,2,2,4,7,2,1,1,8,2,3
145,44,0,0,4,9,1,10,10,0,1,1,3,2
146,20,1,1,8,1,9,2,2,1,0,4,0,5
147,18,0,3,2,2,10,9,5,0,1,1,4,2
148,20,0,3,6,9,10,10,7,0,1,1,0,1
149,22,1,3,0,0,5,10,6,0,0,8,0,2
150,32,1,3,3,4,9,0,10,0,1,7,0,3
151,31,0,1,3,4,7,3,0,0,1,1,0,3
152,20,0,3,6,10,3,3,10,0,0,2,0,0
153,18,1,2,7,6,1,0,5,0,0,4,3,0
154,22,0,3,0,3,10,8,6,0,1,1,4,2
155,43,1,0,4,2,4,2,6,1,1,3,0,3
156,40,1,3,6,0,1,4,8,0,1,8,0,3
157,31,1,1,3,7,1,5,10,0,0,8,0,0
158,24,1,0,3,2,5,7,10,1,1,8,0,3
159,44,0,1,3,1,10,5,9,0,1,6,1,3
160,26,1,1,5,10,9,2,4,1,1,6,1,1
161,32,0,0,6,3,8,5,0,0,1,5,2,3
162,32,1,1,1,2,3,0,1,1,1,9,0,3
163,43,0,1,4,0,5,3,3,1,1,4,2,3
164,27,1,3,3,2,6,5,4,0,0,7,3,0
165,30,0,2,2,1,10,6,8,1,0,1,2,5
166,36,0,1,6,7,5,10,10,0,1,9,4,2
167,24,1,1,10,5,7,10,0,0,1,7,1,2
168,34,1,1,5,8,3,9,2,0,0,9,1,2
169,37,1,3,6,7,0,2,4,0,0,7,0,0
170,21,1,2,4,9,6,8,2,1,0,2,0,2
171,22,0,0,5,2,2,6,3,0,1,6,3,3
172,40,1,3,4,4,5,0,2,1,1,4,3,3
173,24,0,3,6,6,1,1,3,1,1,3,4,3
174,30,0,2,1,4,8,0,0,0,1,2,0,3
175,32,1,2,10,7,0,10,7,0,0,6,0,2
176,28,0,3,4,4,5,8,3,0,0,8,3,2
177,21,0,0,5,0,5,8,6,0,0,6,3,2
178,30,0,3,5,4,4,6,1,1,0,9,3,5
179,24,0,2,4,3,4,9,1,0,1,5,1,2
180,44,1,0,9,5,0,2,5,1,1,2,2,3
181,36,1,2,6,2,9,4,1,0,0,8,2,0
182,39,1,0,9,10,4,3,5,0,0,9,0,0
183,19,1,1,7,4,1,6,10,0,0,4,1,0
184,27,0,2,6,1,6,8,1,0,0,6,3,2
185,30,0,2,4,10,2,1,3,1,0,8,0,5
186,42,1,3,0,5,3,7,6,1,1,9,1,3
187,38,1,2,4,5,2,8,7,0,1,5,4,2
188,23,1,2,9,4,2,9,2,1,0,6,1,2
189,29,0,1,1,5,3,9,8,1,0,4,0,2
190,29,1,2,4,10,4,8,1,0,0,5,2,2
191,37,1,1,4,6,0,9,7,0,1,7,3,2
192,28,1,1,1,4,3,6,7,1,1,9,4,3
193,43,0,1,4,0,10,8,3,1,1,6,1,2
194,40,0,1,3,7,7,8,0,1,0,6,0,2
195,42,0,0,0,3,9,2,0,1,1,8,0,3
196,24,0,3,2,8,6,3,1,0,0,4,3,0
197,18,0,0,0,9,8,1,8,0,1,3,0,1
198,18,0,2,10,5,4,9,1,1,1,7,0,2
199,42,0,0,4,0,9,2,1,0,1,5,3,3
200,44,0,0,3,2,3,10,5,1,0,2,4,2
201,42,1,2,6,2,7,10,6,1,0,2,2,2
202,37,1,2,4,9,8,4,6,0,1,6,2,1
203,30,0,2,9,3,6,4,8,1,0,8,1,4
204,26,0,0,3,5,6,5,5,1,0,1,4,5
205,20,1,0,1,6,4,6,7,0,0,6,1,0
206,24,0,2,3,9,3,6,10,0,0,2,2,0
207,23,0,3,1,3,9,0,5,1,0,2,3,5
208,25,0,3,7,5,0,1,1,1,0,7,0,5
209,44,1,1,2,10,9,8,0,0,0,1,2,1
210,26,1,2,8,0,9,9,4,1,1,6,4,2
211,22,1,1,3,7,6,1,8,1,0,7,2,5
212,18,1,3,5,6,0,5,7,0,0,8,4,0
213,36,1,1,9,10,0,10,3,0,1,7,4,2
214,27,0,2,4,10,4,10,4,0,1,6,4,2
215,29,1,2,9,8,8,0,4,0,1,9,1,1
216,41,0,2,0,2,5,2,5,0,1,3,3,3
217,32,0,0,8,1,2,1,2,0,0,6,2,0
218,44,1,1,0,0,2,2,4,1,1,4,3,3
219,39,1,3,7,2,6,4,1,1,1,2,0,3
220,41,0,3,8,4,5,10,9,0,0,1,2,2
221,26,0,3,8,10,8,9,0,0,0,1,3,1
222,37,0,0,0,1,5,5,10,1,0,3,3,5
223,34,1,0,1,2,4,8,0,1,1,4,0,2
224,34,1,2,0,3,9,10,9,1,0,2,4,2
225,43,1,3,9,6,6,9,6,0,1,1,2,2
226,37,1,0,1,2,0,3,1,0,0,4,2,0
227,29,1,2,9,8,6,6,3,1,0,7,0,5
228,24,0,3,7,7,2,5,4,0,1,6,4,3
229,19,1,1,4,3,8,1,6,0,0,6,2,0
230,20,0,2,10,0,5,9,1,0,0,9,2,2
231,34,0,0,6,0,8,10,5,1,0,2,2,2
232,22,0,0,1,0,4,10,0,1,0,4,4,2
233,34,1,2,7,0,6,10,6,0,0,5,0,2
234,41,1,2,10,7,3,7,8,0,1,1,2,4
235,34,1,0,5,2,6,6,4,0,1,8,3,3
236,44,0,1,7,5,0,6,4,0,0,8,4,0
237,34,0,3,0,2,6,7,3,0,1,6,1,3
238,19,0,1,0,10,7,10,2,1,1,5,0,2
239,19,0,2,6,4,4,0,8,0,1,8,3,3
240,39,0,1,7,6,1,0,4,0,0,3,2,0
241,40,0,0,2,1,4,7,7,0,0,3,1,0
242,22,1,2,4,5,5,3,8,1,0,2,0,5
243,18,1,3,0,5,1,4,4,1,1,5,4,3
244,18,1,0,6,10,5,7,9,0,1,3,1,3
245,36,1,0,4,2,5,4,8,1,0,3,1,5
246,19,0,3,7,5,0,9,1,1,0,6,3,2
247,38,0,3,7,9,0,3,8,1,1,8,0,3
248,29,1,1,8,9,10,5,10,1,1,2,3,1
249,43,0,2,6,4,9,4,3,1,0,4,3,5
250,23,1,3,10,1,2,6,5,1,1,7,2,3
251,40,1,3,0,8,9,9,5,0,1,1,4,1
252,21,1,2,2,7,9,6,5,1,1,1,1,3
253,40,0,3,7,2,2,3,1,1,1,7,0,3
254,28,1,3,2,7,3,4,6,0,1,7,4,3
255,41,1,1,7,8,1,2,5,0,1,1,4,3
256,44,1,0,0,2,8,3,10,0,1,1,0,3
257,34,0,0,4,2,9,3,0,0,0,4,4,0
258,23,0,0,3,1,10,2,1,1,0,5,2,5
259,41,1,0,4,7,6,9,6,1,1,5,4,2
260,22,0,3,7,9,6,4,0,1,1,4,2,3
261,37,0,2,9,0,5,4,0,1,1,8,1,3
262,19,0,2,3,7,2,10,0,0,0,7,1,2
263,23,0,1,10,6,5,6,7,1,0,9,3,5
264,39,0,1,3,6,7,3,3,1,1,7,2,3
265,28,0,3,2,2,7,3,3,0,0,1,1,0
266,33,0,2,6,0,10,8,1,1,1,7,4,2
267,33,0,2,2,3,8,5,10,1,1,1,0,3
268,18,0,0,2,8,0,3,10,1,1,7,0,3
269,26,0,3,10,4,0,1,10,1,1,8,2,4
270,44,1,3,9,0,2,5,0,0,1,9,3,3
271,23,1,0,4,4,2,1,9,0,1,3,4,3
272,33,0,3,4,7,9,4,8,0,1,4,2,3
273,20,1,3,5,7,7,5,6,0,0,4,0,0
274,37,1,1,7,4,9,3,3,0,1,9,2,3
275,44,0,2,9,8,0,2,5,1,0,7,4,5
276,21,0,3,5,0,1,6,1,1,1,3,1,3
277,36,0,1,0,3,1,1,6,0,1,5,4,3
278,43,1,2,7,2,2,10,1,0,0,7,1,2
279,20,1,0,7,1,5,5,9,0,0,8,1,0
280,36,0,1,8,7,0,3,7,1,1,1,1,3
281,37,0,1,8,6,1,5,7,0,0,2,2,0
282,24,0,2,1,8,0,3,0,1,1,7,0,3
283,37,1,0,1,1,4,3,7,1,1,2,2,3
284,26,1,1,2,3,6,3,1,1,0,7,0,5
285,18,1,3,0,5,7,8,5,1,0,9,4,2
286,25,1,3,3,10,9,6,0,0,0,2,3,1
287,24,0,3,3,2,0,2,4,1,0,7,4,5
288,35,0,0,8,7,6,2,10,1,1,4,2,4
289,25,0,1,8,2,4,5,6,0,0,2,2,0
290,18,0,3,8,1,9,5,9,1,0,7,0,4
291,28,1,0,9,2,0,3,0,1,0,5,2,5
292,42,1,3,6,10,2,8,1,1,0,1,1,2
293,42,0,2,1,5,6,3,6,0,0,5,2,0
294,35,0,1,9,1,9,8,5,1,1,3,0,2
295,40,1,1,4,7,0,3,2,1,1,7,0,3
296,27,0,0,3,0,6,1,9,0,0,6,1,0
297,20,1,0,10,6,4,1,1,0,0,8,0,0
298,24,0,1,7,1,0,4,9,1,1,5,3,3
299,33,0,3,1,9,0,3,3,1,0,2,4,5
300,43,0,3,5,5,0,6,2,0,1,9,2,3
301,33,0,2,4,1,10,10,6,1,1,8,3,2
302,42,0,3,1,1,8,4,7,0,0,6,2,0
303,37,0,0,10,9,10,5,1,1,1,7,3,1
304,34,0,0,9,7,2,9,9,0,0,9,2,2
305,19,1,3,0,1,4,3,6,1,0,7,1,5
306,18,1,0,7,6,10,1,7,0,1,3,0,3
307,33,1,1,1,2,9,9,5,0,1,6,0,2
308,29,1,1,6,7,8,8,5,0,0,7,1,2
309,22,1,3,8,6,5,9,9,0,1,2,3,2
310,22,0,1,8,7,8,6,0,0,0,3,4,0
311,44,0,1,7,6,7,3,3,1,1,4,3,3
312,40,1,2,10,10,7,2,0,1,1,6,0,3
313,26,0,2,9,5,0,9,3,0,0,1,4,2
314,26,1,1,8,6,8,2,1,1,0,9,2,5
315,20,1,3,1,4,5,8,10,1,0,5,4,2
316,36,0,2,5,6,8,4,4,1,1,7,3,3
317,33,0,0,3,0,2,2,9,1,0,9,1,5
318,33,0,0,3,0,2,4,8,1,0,9,2,5
319,20,1,0,4,8,5,1,10,1,1,1,3,3
320,37,0,3,2,4,8,10,9,0,1,1,2,2
321,41,1,1,0,4,6,3,2,1,0,3,4,5
322,39,1,0,7,2,2,9,7,1,0,6,0,2
323,41,1,3,4,4,2,1,2,1,0,2,3,5
324,18,0,2,2,2,1,1,5,0,0,1,1,0
325,41,0,1,9,8,8,7,3,1,1,1,4,1
326,37,1,2,6,8,2,0,7,1,1,5,3,3
327,28,0,3,6,5,10,6,10,1,0,4,1,5
328,34,0,0,0,0,4,4,5,0,0,1,3,0
329,25,0,0,8,6,8,10,7,1,0,4,4,2
330,21,1,3,1,6,7,7,0,0,1,3,3,3
331,23,1,0,4,9,1,0,5,1,0,2,2,5
332,25,0,1,4,9,2,10,0,0,0,9,4,2
333,37,1,3,7,3,1,6,0,0,1,1,3,3
334,20,0,2,7,7,7,4,7,0,1,7,0,3
335,33,0,3,6,5,5,3,6,1,0,4,3,5
336,42,0,1,6,3,5,6,2,0,0,5,2,0
337,20,0,1,10,3,8,9,5,0,1,5,1,2
338,42,1,3,5,1,7,1,8,0,0,1,1,0
339,35,1,3,5,1,3,0,6,0,0,6,1,0
340,31,1,0,10,3,3,0,2,1,1,9,0,3
341,35,0,1,8,4,8,10,5,1,1,2,2,2
342,19,0,3,5,7,0,0,10,1,1,7,4,3
343,39,0,3,1,5,1,4,3,1,0,6,1,5
344,20,1,1,1,3,1,9,2,0,1,5,2,2
345,33,0,3,4,10,5,6,8,1,1,4,3,3
346,26,1,0,3,6,3,1,9,0,0,4,0,0
347,21,1,1,10,7,10,9,1,1,0,6,2,2
348,18,1,0,1,1,9,7,0,1,1,4,2,3
349,21,1,0,2,6,2,3,1,1,1,5,4,3
350,18,1,0,6,1,2,2,6,0,0,6,2,0
351,31,1,0,7,1,2,9,9,1,0,5,4,2
352,38,0,1,5,7,5,10,0,1,1,7,0,2
353,33,0,0,10,1,7,7,5,1,1,9,0,3
354,37,1,0,4,10,10,1,6,0,0,7,3,1
355,41,1,3,0,8,6,10,8,1,1,7,4,2
356,25,0,1,7,0,3,10,7,1,0,4,4,2
357,24,1,1,2,8,10,2,5,0,1,1,1,1
358,20,1,2,5,0,3,2,2,0,0,8,1,0
359,34,0,1,2,9,10,9,7,1,0,4,3,1
360,18,1,1,6,9,9,10,6,1,1,1,0,1
361,33,1,2,6,1,10,0,2,1,1,5,1,3
362,29,1,1,8,5,10,5,8,0,0,8,2,4
363,44,0,1,4,5,10,1,1,0,1,4,0,3
364,36,0,1,7,0,1,0,2,0,1,8,2,3
365,39,0,1,9,6,0,1,1,1,1,8,4,3
366,40,1,2,9,7,8,5,0,0,0,3,0,0
367,39,1,1,7,1,1,3,3,1,1,9,3,3
368,31,0,1,0,7,7,5,4,0,1,3,4,3
369,23,1,2,4,8,8,8,5,0,0,1,4,1
370,23,1,3,2,5,3,9,4,0,1,2,2,2
371,30,1,0,0,4,7,9,0,1,1,6,4,2
372,36,1,3,3,8,8,7,2,1,0,2,1,1
373,39,1,2,7,10,9,0,0,1,0,6,0,1
374,25,0,0,2,8,9,7,10,1,1,1,1,1
375,44,1,2,9,0,4,8,4,0,1,1,2,2
376,44,0,2,1,10,6,5,4,1,0,5,2,5
377,19,1,1,10,2,9,9,10,0,0,9,0,2
378,38,0,0,8,8,3,4,5,1,1,8,4,3
379,18,1,1,9,10,0,5,7,1,1,3,3,3
380,32,0,0,4,1,2,5,9,0,1,3,2,3
381,18,1,2,6,3,4,8,0,0,0,1,0,2
382,22,0,2,10,3,2,3,3,1,1,3,3,3
383,33,1,3,10,1,10,1,9,1,0,1,4,4
384,36,0,0,1,2,6,10,10,0,0,8,2,2
385,21,1,1,8,2,8,10,0,0,0,1,0,2
386,20,0,3,8,0,5,8,8,0,1,5,0,2
387,34,0,3,3,5,9,1,10,0,1,9,0,3
388,34,1,3,3,7,0,9,6,0,1,7,2,2
389,29,1,1,5,2,6,8,6,1,0,4,3,2
390,31,0,3,9,4,2,1,4,1,1,9,0,3
391,38,1,1,9,0,4,7,6,1,0,9,4,5
392,23,0,3,9,9,9,8,1,1,0,2,0,1
393,20,0,1,5,6,3,9,3,0,0,6,3,2
394,26,0,2,0,9,9,8,6,0,0,4,2,1
395,22,1,2,8,0,4,9,2,0,0,8,0,2
396,41,0,2,1,10,4,8,1,1,0,7,0,2
397,34,0,2,4,8,5,1,9,0,1,7,4,3
398,31,1,2,8,7,9,3,1,0,0,9,4,0
399,38,1,3,3,6,9,6,0,1,1,5,0,3
400,20,1,3,10,9,10,1,4,1,0,6,0,1
401,18,1,3,2,6,5,0,5,1,1,1,4,3
402,37,0,1,6,4,7,2,5,0,1,6,3,3
403,38,0,1,5,4,7,3,8,0,1,2,1,3
404,40,0,1,7,10,10,7,3,1,1,6,1,1
405,18,0,1,2,4,8,5,0,1,0,9,0,5
406,20,1,2,4,0,7,10,5,0,0,8,4,2
407,35,0,2,9,7,10,1,4,1,0,9,2,5
408,42,0,2,3,10,1,8,9,0,0,8,2,2
409,27,1,0,3,0,9,1,5,1,1,3,1,3
410,39,0,3,3,3,10,4,2,1,1,8,3,3
411,43,0,1,9,8,0,3,1,1,1,6,1,3
412,20,0,1,7,8,9,6,5,0,0,6,0,1
413,25,0,2,5,4,1,7,0,0,1,6,3,3
414,31,0,1,2,3,1,4,6,1,0,3,2,5
415,41,0,1,9,2,2,9,6,0,1,1,4,2
416,35,1,3,4,2,9,4,9,1,1,4,4,3
417,32,1,2,5,4,6,1,6,1,1,6,0,3
418,39,0,3,4,9,1,7,10,0,1,2,1,3
419,40,0,0,5,0,0,1,9,0,1,7,0,3
420,19,1,0,7,4,5,9,0,0,0,7,4,2
421,44,0,0,6,5,8,5,3,0,1,4,2,3
422,27,0,2,4,6,2,7,6,1,0,4,4,5
423,19,0,1,9,8,5,5,10,0,0,1,3,4
424,43,1,2,5,2,2,3,8,0,0,2,4,0
425,34,0,2,3,1,0,3,4,1,0,9,4,5
426,25,1,1,8,2,4,5,1,1,0,8,3,5
427,18,0,3,3,8,9,3,6,1,0,8,1,1
428,26,1,0,0,6,10,7,9,1,0,9,4,5
429,28,1,3,6,8,3,8,0,0,0,7,0,2
430,39,0,0,6,1,6,0,6,0,1,9,4,3
431,33,1,2,3,4,5,3,5,1,1,2,0,3
432,24,0,0,2,3,9,3,6,1,0,6,3,5
433,27,1,2,7,1,6,1,9,0,0,3,4,0
434,40,0,3,4,8,4,5,2,0,0,6,3,0
435,43,0,2,9,8,3,2,2,0,1,3,3,3
436,20,1,3,6,5,6,6,6,0,1,8,1,3
437,35,0,1,3,10,6,10,1,0,0,4,4,2
438,42,0,1,3,5,5,10,0,1,0,6,0,2
439,41,1,1,7,7,7,4,8,1,1,9,0,3
440,30,0,2,7,5,3,3,8,1,1,2,4,3
441,43,0,1,1,0,9,4,6,1,0,2,1,5
442,24,1,0,1,3,4,7,6,0,0,7,1,0
443,42,1,3,2,6,3,2,2,1,0,2,1,5
444,21,0,3,2,1,0,6,9,0,0,2,0,0
445,30,0,0,0,8,7,5,1,0,1,4,3,3
446,37,1,2,2,7,0,0,10,0,1,9,1,3
447,18,1,2,5,7,4,6,6,0,0,8,0,0
448,25,0,3,7,6,5,6,8,0,0,2,0,0
449,31,1,1,9,3,5,0,0,0,0,8,3,0
450,33,0,2,5,1,4,8,3,0,1,4,4,2
451,31,0,2,4,2,2,5,5,1,0,2,4,5
452,29,0,0,3,5,4,1,6,0,0,7,1,0
453,36,0,0,2,4,7,4,9,1,0,6,1,5
454,40,0,1,3,7,1,10,6,1,1,5,3,2
455,32,1,2,6,5,5,3,9,0,0,1,1,0
456,19,1,2,0,5,8,6,1,0,1,2,3,3
457,19,1,0,6,0,7,7,3,1,0,8,0,5
458,40,1,2,0,3,10,10,4,1,0,1,1,2
459,39,0,3,1,4,7,10,0,1,0,3,0,2
460,36,0,0,3,10,7,0,0,1,1,2,2,3
461,42,0,1,0,2,6,4,9,0,0,5,3,0
462,43,0,0,10,8,7,2,2,0,0,4,2,0
463,39,1,2,10,0,5,0,9,0,1,7,1,4
464,43,0,1,10,5,1,2,2,1,1,5,0,3
465,43,0,0,8,5,1,5,7,0,1,8,1,3
466,39,1,3,5,9,7,6,8,1,0,4,2,5
467,34,1,3,0,4,10,7,10,0,1,6,1,3
468,37,1,0,0,4,0,10,0,1,0,4,4,2
469,27,1,3,5,9,5,3,10,0,1,2,2,3
470,23,0,3,3,4,5,2,1,0,1,1,1,3
471,32,0,3,3,5,10,4,9,1,1,1,0,3
472,39,1,1,10,7,3,8,1,1,0,8,1,2
473,28,0,3,5,1,10,5,3,1,0,4,0,5
474,22,0,3,10,5,10,8,1,1,0,5,4,2
475,18,0,3,6,0,9,5,6,1,0,8,1,5
476,25,1,1,8,3,2,1,8,0,0,7,4,4
477,38,0,0,9,9,10,4,6,1,0,8,2,1
478,29,1,2,4,2,2,10,5,0,0,8,0,2
479,29,0,3,8,8,0,8,9,0,0,6,2,2
480,22,0,0,3,2,2,7,0,0,0,2,0,0
481,24,0,3,9,5,3,6,10,0,1,6,4,4
482,21,1,1,1,0,10,0,9,0,1,1,3,3
483,23,0,0,2,5,10,3,8,1,0,1,1,5
484,30,1,1,10,3,4,6,4,1,0,3,4,5
485,37,1,3,0,7,2,10,10,0,0,3,0,2
486,32,1,3,5,10,5,6,4,0,0,5,0,0
487,20,0,1,5,8,10,5,5,1,1,1,0,1
488,40,0,2,0,3,4,7,8,1,1,6,0,3
489,25,0,1,10,9,2,10,7,0,0,7,1,2
490,37,0,3,2,9,5,5,7,1,1,3,2,3
491,33,1,1,4,5,5,9,7,1,1,4,3,2
492,30,1,2,2,0,7,2,0,1,0,3,1,5
493,35,1,1,9,3,1,3,0,0,0,1,0,0
494,27,0,2,2,6,0,2,7,1,0,8,1,5
495,36,1,2,9,0,3,0,4,0,0,2,4,0
496,34,0,1,2,7,6,9,8,0,1,1,0,2
497,41,1,1,4,9,10,4,1,0,0,8,3,1
498,36,0,0,4,10,9,0,8,0,1,7,0,1
499,43,0,3,3,5,2,0,7,0,0,7,3,0
500,40,1,2,0,4,2,1,8,1,1,4,3,3
501,43,1,0,4,9,4,3,3,0,0,9,2,0
502,22,1,1,9,10,4,5,0,0,0,6,2,0
503,43,1,3,4,8,9,7,0,0,1,2,1,1
504,38,0,0,3,1,2,2,4,1,1,1,1,3
505,40,1,2,5,4,8,0,1,1,1,1,3,3
506,26,1,0,9,5,3,2,7,1,0,9,0,5
507,29,1,2,3,6,2,2,9,1,1,4,4,3
508,38,0,1,6,4,10,4,10,1,1,5,4,3
509,18,0,3,6,8,1,10,4,1,1,3,0,2
510,43,1,3,1,0,9,3,4,1,1,4,0,3
511,43,0,3,2,6,10,3,1,0,1,8,2,3
512,18,1,1,0,9,8,8,6,0,1,4,4,1
513,32,0,2,7,6,3,6,7,1,1,9,3,3
514,19,0,1,8,3,2,3,9,0,1,9,1,4
515,39,0,3,3,8,6,2,0,0,1,6,2,3
516,33,0,1,5,10,7,5,1,1,0,2,4,5
517,42,1,1,8,4,10,2,9,0,0,7,0,4
518,25,1,1,5,3,1,5,3,0,1,9,4,3
519,30,1,2,8,6,6,10,4,1,0,6,3,2
520,38,0,0,3,3,4,10,1,0,0,3,2,2
521,18,1,0,7,2,10,8,0,1,1,7,0,2
522,33,1,1,8,8,4,5,8,1,1,5,3,4
523,24,1,0,3,10,2,3,0,0,1,1,1,3
524,22,0,0,4,7,4,4,3,0,1,3,2,3
525,39,0,1,7,0,1,5,1,0,1,5,3,3
526,40,0,1,9,6,3,10,10,1,1,7,3,2
527,20,1,3,5,8,5,2,3,1,0,3,0,5
528,29,1,0,6,7,0,7,7,1,1,6,1,3
529,43,1,2,2,7,9,3,7,0,0,5,3,0
530,33,0,1,6,5,3,7,10,0,1,1,2,3
531,36,0,3,7,10,5,9,8,1,1,6,3,2
532,22,1,2,9,3,8,9,10,0,0,8,4,2
533,39,0,0,5,7,10,2,4,0,1,1,2,3
534,42,0,3,9,2,10,9,6,1,1,2,2,2
535,31,0,1,8,8,1,6,2,1,0,4,3,5
536,22,0,2,5,1,10,10,9,0,1,2,0,2
537,32,1,1,8,1,6,8,3,1,0,9,2,2
538,34,0,0,3,6,5,3,9,0,1,8,4,3
539,31,0,2,7,9,1,7,8,1,1,8,0,3
540,37,0,0,10,3,7,2,9,1,0,4,0,4
541,22,0,0,3,9,6,6,9,1,1,5,0,3
542,29,1,3,1,7,10,2,0,0,0,4,2,0
543,33,1,1,9,8,4,6,1,0,0,9,0,0
544,43,0,2,10,6,4,10,4,1,0,2,3,2
545,43,0,0,8,4,6,9,2,1,1,8,0,2
546,33,0,0,4,7,8,9,1,1,1,2,4,2
547,38,0,2,3,3,10,10,0,0,0,1,1,2
548,24,0,0,1,1,8,10,9,1,1,3,4,2
549,21,0,3,0,10,8,5,2,1,1,9,2,1
550,18,1,3,10,5,5,1,0,1,1,3,0,3
551,22,0,3,6,8,9,10,0,1,0,9,0,1
552,40,1,3,5,0,5,2,0,0,1,7,3,3
553,43,1,0,1,10,2,5,7,0,0,1,0,0
554,27,0,2,7,9,0,3,2,1,1,5,4,3
555,39,1,2,10,6,6,5,10,0,1,9,2,4
556,22,1,2,3,9,3,0,0,0,0,3,1,0
557,21,1,2,7,8,0,9,6,0,1,9,0,2
558,19,1,1,6,9,7,0,9,1,0,5,1,5
559,37,1,2,4,8,5,2,2,0,1,9,0,3
560,27,1,1,9,9,5,7,7,0,0,6,2,0
561,43,0,1,9,10,1,7,3,0,1,9,4,3
562,36,1,3,7,2,0,10,3,1,1,7,2,2
563,43,1,1,8,10,1,3,4,1,1,7,1,3
564,18,1,0,4,4,3,5,5,0,0,8,0,0
565,41,0,1,9,7,1,7,6,0,0,7,1,0
566,22,1,3,4,7,0,6,3,1,0,9,4,5
567,30,0,1,1,3,6,10,7,1,1,9,2,2
568,21,1,0,4,10,10,6,5,0,0,6,1,1
569,33,0,0,2,10,10,3,0,0,0,7,1,1
570,41,0,0,6,0,7,8,0,1,0,2,4,2
571,33,1,3,9,0,5,9,8,1,0,9,0,2
572,40,1,3,4,3,3,5,9,0,0,1,1,0
573,19,0,2,7,5,5,10,5,1,0,1,4,2
574,34,1,3,0,7,2,2,9,0,0,3,0,0
575,44,0,0,2,5,7,4,7,0,0,6,0,0
576,37,0,0,2,8,9,4,6,0,0,5,2,1
577,41,0,3,8,8,1,4,5,1,0,2,4,5
578,29,0,1,4,1,4,7,3,0,1,9,0,3
579,35,0,3,8,9,0,8,6,0,1,4,2,2
580,20,1,3,8,0,5,8,8,1,0,4,3,2
581,18,0,0,0,1,1,5,10,1,1,5,4,3
582,18,0,2,1,4,3,5,9,0,1,8,3,3
583,36,1,0,4,3,5,8,9,0,0,4,0,2
584,28,0,2,3,3,9,3,6,1,0,5,4,5
585,22,1,0,9,8,10,5,0,1,0,4,2,1
586,29,1,3,8,10,7,3,9,1,1,6,0,4
587,20,1,0,6,7,7,10,8,0,0,3,4,2
588,18,0,0,5,5,10,0,3,0,1,8,4,3
589,18,0,0,6,0,5,6,2,0,0,6,3,0
590,25,0,3,0,1,3,9,3,1,1,5,0,2
591,27,1,3,0,5,7,10,3,0,1,2,2,2
592,28,0,3,7,10,7,5,9,1,0,7,2,5
593,29,1,3,1,1,9,8,10,0,0,2,0,2
594,30,0,2,9,9,0,6,1,1,1,1,0,3
595,29,1,2,10,4,3,6,0,0,1,7,1,3
596,31,0,1,8,4,3,1,9,0,0,5,3,4
597,19,0,3,6,5,6,10,0,1,0,1,0,2
598,36,0,2,5,5,10,8,7,1,1,4,0,2
599,35,1,0,0,5,6,9,1,0,0,4,1,2
600,20,1,3,0,1,10,8,9,1,1,7,1,2
601,40,0,1,1,9,7,5,4,1,0,9,4,5
602,34,0,1,5,2,10,2,3,0,0,2,2,0
603,43,1,1,5,5,4,0,7,1,0,1,3,5
604,25,1,0,1,7,6,3,1,0,1,2,4,3
605,43,1,2,0,10,7,2,9,0,0,7,0,0
606,27,0,0,9,0,8,0,8,1,1,6,1,4
607,43,1,3,4,0,2,2,6,1,0,4,2,5
608,19,0,1,4,10,2,3,6,0,1,1,4,3
609,36,1,0,1,1,3,7,0,0,1,1,2,3
610,26,0,0,5,10,4,8,1,0,0,5,1,2
611,24,1,2,8,5,9,2,3,0,1,1,4,3
612,21,1,2,1,8,0,5,3,0,1,7,4,3
613,43,1,1,9,3,6,9,10,0,1,1,2,2
614,38,1,0,1,2,8,10,2,1,1,1,1,2
615,35,1,0,2,7,7,4,6,1,0,2,0,5
616,30,0,2,6,10,4,5,7,1,0,3,4,5
617,28,1,0,5,9,3,3,1,0,0,1,0,0
618,41,1,0,7,8,6,9,3,1,1,9,1,2
619,21,1,0,7,10,4,5,2,0,1,8,4,3
620,42,0,2,5,4,6,6,1,0,0,5,4,0
621,38,1,1,10,8,0,8,5,1,0,2,0,2
622,42,0,3,9,1,0,9,3,0,1,5,3,2
623,21,1,1,2,2,9,6,5,0,0,6,0,0
624,27,1,3,2,6,2,5,1,0,0,1,0,0
625,22,0,0,0,6,10,0,3,0,1,4,3,3
626,26,1,1,6,5,1,1,10,0,0,9,1,0
627,41,0,3,4,5,1,0,5,0,1,2,1,3
628,20,0,2,3,1,6,8,4,1,0,5,4,2
629,34,1,2,9,9,9,9,2,0,1,1,2,1
630,20,0,1,3,5,1,9,7,0,1,4,2,2
631,33,1,1,3,3,10,8,6,0,1,4,4,2
632,21,1,0,5,2,3,6,2,0,1,6,2,3
633,35,0,1,7,10,1,1,5,1,1,9,0,3
634,34,0,0,7,1,5,5,3,1,0,3,0,5
635,24,0,0,4,0,7,10,10,0,0,9,3,2
636,41,0,2,5,10,9,3,4,0,0,6,3,1
637,40,1,2,3,10,3,0,10,0,1,7,4,3
638,22,1,3,10,4,4,0,4,1,0,2,4,5
639,29,0,2,8,1,3,4,6,1,1,6,4,3
640,34,1,2,7,1,2,1,10,1,1,6,0,3
641,40,1,1,9,6,4,3,4,1,0,2,2,5
642,30,1,2,9,7,8,0,10,0,1,2,4,4
643,40,1,3,0,9,7,3,2,1,0,2,4,5
644,42,0,1,1,7,7,10,9,1,1,1,0,2
645,20,0,3,8,3,7,5,4,0,1,5,0,3
646,26,1,2,7,0,7,9,6,0,0,8,0,2
647,34,0,3,2,10,6,3,4,1,1,2,2,3
648,34,0,1,7,6,7,0,4,1,0,5,4,5
649,37,0,0,0,0,10,6,8,1,1,8,1,3
650,33,1,3,9,10,7,1,2,1,0,5,1,5
651,42,1,3,3,3,7,8,5,0,1,2,4,2
652,39,1,1,2,7,9,2,0,0,0,3,4,0
653,30,0,1,5,1,6,7,9,1,0,6,4,5
654,44,1,3,6,5,0,7,4,1,1,5,4,3
655,36,1,2,3,5,3,2,7,1,0,4,2,5
656,34,0,3,6,8,3,3,4,1,1,4,1,3
657,21,1,1,8,4,4,1,8,1,1,5,3,4
658,29,1,0,10,9,9,3,10,0,0,2,1,1
659,26,0,0,1,3,5,10,5,0,0,9,1,2
660,36,0,2,10,4,3,10,7,0,0,2,0,2
661,29,0,3,2,9,1,10,9,1,0,2,4,2
662,26,1,0,4,10,5,8,7,1,0,9,4,2
663,24,1,3,2,4,7,1,2,0,1,3,4,3
664,31,1,1,10,7,7,2,6,0,0,7,0,0
665,37,0,0,7,9,6,10,6,1,1,4,2,2
666,36,0,2,9,7,5,10,9,0,0,6,2,2
667,43,1,1,7,1,1,3,5,1,0,4,3,5
668,32,1,2,7,6,6,4,6,1,0,7,2,5
669,33,0,1,8,7,10,0,1,0,1,1,2,3
670,38,0,0,3,10,4,6,8,0,0,3,4,0
671,22,0,2,4,5,5,9,9,0,1,3,1,2
672,20,0,2,4,4,9,6,9,1,1,1,2,3
673,29,1,1,7,10,7,8,0,1,1,6,2,2
674,42,0,2,6,8,7,3,0,0,0,9,0,0
675,37,1,1,8,2,2,5,2,1,1,8,3,3
676,44,1,1,7,9,6,10,2,1,0,7,0,2
677,38,1,1,1,3,0,1,0,1,1,8,4,3
678,21,0,1,9,8,0,3,6,0,0,6,1,0
679,38,0,0,3,5,6,1,3,1,1,9,3,3
680,40,0,1,5,7,9,9,9,0,0,3,0,2
681,33,0,3,1,6,8,4,1,0,0,9,2,0
682,42,1,2,6,10,6,6,9,1,0,4,2,5
683,24,0,3,2,1,9,0,4,0,1,7,3,3
684,30,0,0,2,2,4,9,5,1,1,9,2,2
685,38,1,3,10,0,7,9,8,0,0,2,0,2
686,27,0,2,1,8,1,6,3,0,1,2,0,3
687,43,1,3,10,6,8,9,1,1,1,9,2,2
688,24,1,0,7,0,5,5,4,0,1,3,2,3
689,31,1,1,5,2,8,5,2,0,1,9,4,3
690,43,1,3,0,3,1,7,1,0,1,5,1,3
691,22,1,0,0,3,2,7,0,1,1,6,3,3
692,20,1,0,6,4,7,5,9,1,1,2,0,3
693,40,1,2,7,2,0,2,1,0,0,8,3,0
694,28,1,2,4,2,9,4,5,0,0,9,4,0
695,28,0,3,10,0,6,1,7,0,1,2,0,3
696,35,0,1,4,6,6,4,2,1,0,6,4,5
697,32,0,0,3,10,0,8,10,1,0,6,4,2
698,29,0,3,5,9,8,9,8,0,0,8,2,1
699,26,1,0,5,0,7,0,8,1,1,5,3,3
700,27,0,0,2,1,3,9,1,1,1,9,3,2
701,43,1,1,8,3,9,4,7,1,1,1,2,3
702,29,0,1,10,3,10,5,9,1,1,9,3,4
703,34,0,3,6,4,4,10,10,0,1,7,2,2
704,23,0,1,0,10,1,6,4,1,0,4,0,5
705,24,1,1,6,1,8,8,3,1,1,3,4,2
706,31,0,3,4,3,5,5,9,0,0,6,4,0
707,30,1,1,4,0,2,4,4,0,1,1,3,3
708,25,1,2,1,1,6,6,3,1,0,3,1,5
709,27,0,0,3,0,8,0,7,1,1,2,4,3
710,26,0,0,5,9,2,10,3,0,1,9,2,2
711,35,0,0,9,9,1,4,9,0,1,3,1,4
712,44,1,0,10,3,6,1,5,0,1,2,1,3
713,43,0,3,6,3,6,3,1,1,1,4,4,3
714,19,1,0,10,6,3,6,4,1,1,2,4,3
715,22,1,0,4,9,10,4,5,0,0,1,4,1
716,22,0,0,8,10,8,5,4,1,1,6,2,1
717,23,0,0,2,10,7,1,1,0,0,8,1,0
718,36,1,2,0,8,0,2,6,1,1,2,3,3
719,25,1,0,3,8,0,6,3,0,0,9,2,0
720,33,1,2,8,4,4,10,7,0,0,3,0,2
721,30,0,3,3,9,5,1,6,1,0,8,4,5
722,18,1,1,1,0,2,5,6,1,0,8,1,5
723,39,0,0,9,0,8,4,8,1,0,3,2,4
724,37,1,1,4,5,9,9,0,1,0,3,0,2
725,34,1,1,2,1,5,0,9,1,1,6,2,3
726,24,0,3,8,7,3,10,5,1,0,1,2,2
727,42,1,1,3,8,6,9,5,0,1,4,3,2
728,30,0,2,5,3,7,10,5,1,1,1,3,2
729,21,0,1,1,4,8,3,5,0,0,3,2,0
730,21,1,1,5,10,10,10,9,0,0,9,0,1
731,23,0,1,2,7,5,1,6,1,1,5,1,3
732,36,0,0,8,2,5,3,9,0,0,5,1,4
733,29,1,0,10,4,7,0,5,0,0,4,4,0
734,39,0,2,1,2,4,1,0,1,0,3,4,5
735,24,0,2,8,9,2,7,2,1,0,5,1,5
736,44,0,0,4,2,2,5,1,1,0,4,2,5
737,27,1,2,7,2,5,1,5,0,0,8,2,0
738,43,0,0,1,6,1,5,7,1,0,4,3,5
739,36,1,3,5,6,5,9,2,1,1,8,3,2
740,24,1,1,2,6,5,8,9,1,0,6,4,2
741,20,0,1,9,9,7,6,7,1,1,5,1,3
742,30,0,2,4,7,6,8,7,0,1,4,2,2
743,30,0,0,7,4,7,4,4,1,1,4,1,3
744,35,1,0,9,4,8,6,7,0,1,4,0,3
745,43,0,2,0,3,5,10,5,1,0,9,1,2
746,37,0,0,4,6,2,6,4,0,1,4,0,3
747,25,0,3,2,9,9,2,8,0,1,9,3,1
748,26,0,1,3,3,2,6,6,0,1,6,3,3
749,24,0,2,1,1,10,0,7,1,1,7,4,3
750,18,1,2,8,3,0,8,0,0,1,3,1,2
751,20,1,0,2,7,10,9,10,1,0,8,1,2
752,30,0,2,1,8,4,5,1,1,0,3,0,5
753,42,0,3,9,2,3,4,7,1,1,1,3,3
754,34,0,0,10,6,8,6,8,1,0,5,0,4
755,42,0,0,8,8,8,4,3,1,0,2,3,1
756,41,1,0,6,10,4,9,9,0,1,6,0,2
757,18,0,0,5,3,9,4,10,1,1,9,3,3
758,23,1,3,0,9,3,10,9,0,1,1,0,2
759,38,1,0,4,2,6,9,8,0,0,4,3,2
760,23,0,2,10,4,5,10,3,0,1,1,0,2
761,43,1,3,10,0,3,6,9,0,0,1,1,4
762,29,1,1,2,2,9,9,9,0,0,8,4,2
763,30,1,1,0,7,1,6,9,0,0,2,0,0
764,30,1,2,3,10,0,10,8,0,1,1,4,2
765,32,0,2,1,7,3,2,10,1,0,8,1,5
766,38,0,3,1,3,3,2,6,0,1,4,1,3
767,33,1,1,2,1,0,9,1,1,1,3,3,2
768,39,0,1,7,7,5,2,8,0,1,4,4,3
769,38,0,1,7,7,3,5,3,0,1,5,2,3
770,28,0,1,6,9,0,5,7,0,1,1,3,3
771,22,0,1,5,3,0,2,6,0,0,1,4,0
772,21,0,0,8,2,0,2,6,1,0,3,0,5
773,20,1,2,3,1,7,7,7,1,0,6,0,5
774,36,0,0,0,8,9,7,0,1,0,1,1,1
775,37,0,1,7,0,7,6,4,0,0,2,2,0
776,42,0,3,6,6,1,9,1,0,1,7,0,2
777,35,0,3,6,4,10,3,1,0,1,1,4,3
778,32,1,1,2,7,6,3,0,1,0,7,4,5
779,26,1,1,3,3,7,2,4,0,0,4,0,0
780,34,1,3,9,6,7,4,1,1,0,6,4,5
781,31,1,0,8,4,10,2,3,1,1,8,4,3
782,32,0,0,5,4,9,7,2,0,1,9,1,3
783,18,1,1,4,8,10,6,2,0,1,6,2,1
784,38,0,0,2,8,6,2,1,1,0,9,1,5
785,39,0,3,8,8,4,8,5,1,0,4,2,2
786,39,0,0,4,5,0,4,1,1,0,6,4,5
787,20,0,1,4,5,8,8,7,0,0,8,2,2
788,33,0,3,3,4,6,6,7,0,1,9,4,3
789,40,1,0,3,8,1,6,4,0,0,3,4,0
790,42,1,2,0,9,5,5,9,0,0,2,1,0
791,28,1,3,6,7,1,1,6,0,0,6,1,0
792,29,1,3,8,6,0,8,3,0,1,4,3,2
793,27,0,2,2,6,6,5,0,1,1,1,0,3
794,33,1,2,1,5,1,7,10,1,0,8,3,5
795,25,0,3,2,4,1,0,1,1,1,9,3,3
796,23,1,2,0,3,10,4,9,0,1,9,2,3
797,29,0,1,5,2,4,0,9,1,1,2,4,3
798,41,0,1,10,2,4,9,3,0,1,9,4,2
799,38,1,1,10,5,6,10,0,0,1,7,4,2
800,25,0,3,6,3,0,7,7,1,0,5,0,5
801,43,0,2,10,5,7,7,8,0,0,7,2,4
802,21,1,2,10,2,2,0,3,1,0,9,2,5
803,43,0,0,1,3,3,8,9,1,1,8,4,2
804,25,1,0,7,8,8,1,2,0,1,6,3,1
805,43,1,2,5,4,3,8,1,1,1,4,0,2
806,35,1,2,3,6,9,0,4,1,1,1,3,3
807,22,0,2,4,9,4,9,2,1,0,6,1,2
808,26,0,3,7,1,6,8,9,1,0,3,2,2
809,21,0,2,2,4,3,3,6,0,0,6,2,0
810,44,1,0,2,8,0,8,10,1,0,6,3,2
811,39,0,3,10,10,8,6,5,1,0,4,0,1
812,34,1,2,3,2,3,10,0,1,0,2,2,2
813,26,1,0,0,8,8,5,7,0,1,9,3,1
814,18,0,3,8,10,5,4,1,1,1,2,0,3
815,38,1,2,7,5,0,10,4,0,0,3,3,2
816,37,0,2,7,3,2,8,8,1,1,1,0,2
817,30,0,2,9,6,10,1,7,1,0,7,4,5
818,33,0,3,5,7,1,10,1,1,0,1,0,2
819,30,0,0,6,5,8,1,8,0,1,9,1,3
820,31,0,0,5,4,0,10,4,0,0,1,4,2
821,20,1,1,8,5,8,8,9,0,0,5,3,2
822,23,1,2,2,4,8,2,5,0,0,7,4,0
823,35,1,1,2,7,7,7,2,0,1,3,4,3
824,36,0,1,2,0,7,10,2,0,1,9,3,2
825,22,0,0,9,10,10,8,9,1,1,8,3,1
826,32,0,3,2,6,0,7,7,0,1,3,1,3
827,42,1,3,8,9,10,3,10,1,0,5,3,1
828,19,0,0,3,9,7,0,9,0,1,7,2,3
829,27,1,3,6,10,9,3,9,0,1,4,2,1
830,41,1,1,8,1,2,8,1,0,1,5,1,2
831,35,0,2,10,8,10,1,10,1,0,3,0,1
832,44,0,0,6,0,6,2,1,0,1,9,0,3
833,30,1,2,8,10,10,9,4,0,1,9,2,1
834,22,0,3,2,9,0,7,5,1,0,7,3,5
835,40,1,2,3,5,0,5,1,1,0,2,1,5
836,41,0,3,7,8,9,7,4,1,0,7,0,1
837,18,0,3,5,0,4,6,6,1,0,7,0,5
838,39,1,1,4,3,4,4,9,0,1,5,4,3
839,18,0,3,3,3,7,8,9,1,0,9,2,2
840,35,1,1,7,8,6,3,7,0,1,3,3,3
841,32,0,1,0,10,7,5,6,0,1,4,1,3
842,34,1,1,8,4,5,1,7,1,1,1,0,3
843,28,1,0,0,4,5,1,8,0,1,6,4,3
844,38,0,0,7,5,1,1,4,1,1,4,2,3
845,43,1,3,3,0,5,9,4,0,0,1,2,2
846,42,0,1,8,0,4,6,10,1,1,2,1,4
847,39,0,0,10,8,2,1,9,1,1,3,0,4
848,44,0,1,4,2,5,1,3,1,1,9,1,3
849,44,1,2,2,3,7,8,8,1,0,8,1,2
850,34,1,2,8,0,8,6,4,1,1,7,4,3
851,30,0,2,10,8,0,10,1,1,1,4,2,2
852,18,0,3,8,7,2,2,9,0,0,1,3,4
853,19,1,1,3,1,2,2,7,0,1,8,2,3
854,26,0,2,10,7,10,6,6,0,1,4,2,3
855,20,0,0,3,6,7,4,7,1,0,3,4,5
856,18,1,2,7,10,0,9,2,0,1,9,3,2
857,38,0,2,1,5,4,5,3,1,1,4,0,3
858,33,1,2,8,0,2,7,4,0,1,4,3,3
859,40,0,3,5,6,1,8,5,0,1,9,0,2
860,23,1,0,8,9,7,0,0,1,1,2,3,3
861,34,0,1,7,6,2,2,3,0,0,5,1,0
862,22,0,0,6,8,6,10,10,0,0,4,3,2
863,22,1,1,0,0,10,6,9,0,0,9,4,0
864,23,0,3,2,1,0,5,4,1,1,5,0,3
865,20,1,3,10,10,5,6,6,0,1,9,2,3
866,38,0,3,1,8,2,7,4,1,1,9,4,3
867,40,1,3,4,8,7,5,0,0,0,2,0,0
868,22,1,1,4,5,5,2,10,0,1,9,0,3
869,38,1,2,4,5,1,1,6,0,1,3,2,3
870,22,1,1,3,3,5,6,7,0,1,4,1,3
871,27,0,0,4,3,6,10,6,1,0,1,4,2
872,27,0,3,2,4,4,0,10,0,0,1,2,0
873,36,1,3,0,2,2,2,3,1,1,1,2,3
874,34,1,0,4,0,3,10,7,1,1,9,1,2
875,38,1,1,8,0,3,3,4,0,1,8,4,3
876,31,0,2,8,6,5,0,9,0,0,5,2,4
877,26,0,2,3,0,9,4,8,1,0,5,1,5
878,31,0,0,2,0,0,9,9,1,0,9,4,2
879,18,0,2,0,2,10,2,4,0,1,3,3,3
880,36,1,1,1,9,3,1,0,0,0,3,0,0
881,30,1,1,7,3,9,2,8,0,1,7,1,3
882,30,1,0,0,3,3,7,4,0,1,9,0,3
883,21,0,1,7,1,9,5,5,0,0,6,3,0
884,18,0,3,6,0,0,6,3,1,1,2,2,3
885,34,0,0,7,2,8,5,5,0,0,1,2,0
886,25,1,1,5,10,3,5,7,0,1,2,4,3
887,19,1,0,8,3,6,2,2,1,1,1,1,3
888,25,0,2,2,2,2,7,4,0,0,9,1,0
889,24,1,1,9,7,9,6,1,0,1,8,4,3
890,43,0,3,3,9,2,6,1,1,1,7,0,3
891,43,0,1,5,0,7,5,6,0,1,3,2,3
892,19,1,0,7,1,7,4,9,1,1,8,2,3
893,39,0,0,4,6,10,9,9,0,1,2,1,2
894,39,1,1,2,3,0,7,10,0,1,2,1,3
895,20,0,3,5,7,9,4,9,0,1,3,4,3
896,44,1,3,3,10,1,8,5,1,1,7,3,2
897,35,1,3,8,2,7,8,3,1,0,1,0,2
898,29,1,0,2,5,0,0,4,1,0,8,3,5
899,18,0,1,3,8,7,5,0,1,1,7,3,3
900,39,0,2,6,0,7,6,6,0,1,4,1,3
901,29,1,0,6,0,1,2,7,1,0,5,1,5
902,22,1,3,3,7,3,6,8,1,1,1,1,3
903,44,0,1,5,2,5,10,7,1,0,4,3,2
904,42,0,3,2,4,10,10,4,0,0,1,0,2
905,34,0,2,5,0,8,6,2,0,0,1,1,0
906,33,1,3,1,4,7,10,9,1,1,1,2,2
907,32,0,3,7,10,7,1,10,1,1,7,0,3
908,40,0,2,1,5,6,6,8,0,1,7,2,3
909,32,1,1,10,7,8,0,5,1,0,4,0,5
910,22,0,0,6,2,1,4,4,1,0,2,1,5
911,38,0,1,8,2,2,8,2,1,0,3,4,2
912,31,0,2,0,10,9,6,5,1,1,8,1,1
913,19,1,3,7,10,7,6,2,0,0,8,3,0
914,28,1,1,6,9,5,10,9,0,0,6,3,2
915,36,1,0,5,8,9,1,5,0,1,9,0,1
916,24,1,2,5,3,8,7,3,1,0,9,3,5
917,23,1,1,5,3,9,2,1,1,0,4,1,5
918,19,1,0,8,6,3,7,7,0,1,1,2,3
919,23,1,2,1,1,7,2,3,0,1,1,1,3
920,35,0,0,0,7,9,9,8,0,0,5,0,2
921,19,0,2,5,5,2,6,6,1,1,2,3,3
922,35,1,3,9,2,2,1,1,0,0,6,2,0
923,32,0,1,10,8,7,3,3,1,1,7,4,3
924,44,0,0,7,4,4,10,4,1,0,1,2,2
925,36,1,2,2,7,2,5,2,0,1,6,2,3
926,19,0,0,9,6,9,10,8,0,0,8,1,2
927,37,0,0,0,7,10,8,4,1,1,5,4,2
928,42,0,1,8,6,0,4,1,0,1,7,0,3
929,23,0,3,0,2,2,8,10,0,1,6,0,2
930,18,0,0,2,1,8,4,2,1,1,4,2,3
931,41,1,2,7,6,4,9,8,1,1,7,2,2
932,32,1,2,2,2,9,7,6,1,1,9,3,3
933,40,1,3,3,2,1,0,1,1,1,7,4,3
934,27,0,2,7,1,6,6,8,1,0,5,2,5
935,36,1,3,0,3,1,3,3,0,0,7,3,0
936,34,0,2,5,7,3,4,8,1,1,3,4,3
937,22,0,1,0,0,6,5,1,1,1,2,0,3
938,21,0,0,0,0,3,4,9,1,0,5,3,5
939,27,0,1,7,4,6,0,3,0,0,4,4,0
940,41,1,0,10,10,6,8,4,1,1,5,3,2
941,34,1,0,3,4,0,1,1,1,0,8,2,5
942,27,0,0,0,10,5,8,9,1,0,4,1,2
943,34,1,1,9,0,8,9,0,0,1,9,0,2
944,37,0,0,6,5,1,1,6,1,1,7,2,3
945,41,1,1,4,0,2,8,9,1,1,7,2,2
946,22,1,3,4,4,9,5,0,1,0,8,4,5
947,19,0,2,0,8,4,10,10,0,1,6,3,2
948,23,1,2,9,4,8,8,10,0,1,8,0,2
949,38,0,0,10,5,3,5,7,0,0,3,2,0
950,19,1,1,5,7,0,5,2,0,1,1,4,3
951,30,0,2,8,10,3,10,9,1,0,6,0,2
952,28,0,1,8,0,5,1,5,1,0,1,3,5
953,28,1,1,7,1,4,7,6,0,0,9,2,0
954,33,1,0,4,8,0,2,9,0,0,2,2,0
955,28,0,2,0,2,3,6,0,1,0,2,2,5
956,36,1,0,8,5,5,4,5,1,0,7,0,5
957,32,1,0,0,4,9,2,6,0,1,2,0,3
958,42,0,2,7,10,9,0,5,0,1,8,0,1
959,40,0,2,4,1,3,7,3,0,1,6,0,3
960,40,1,3,2,6,8,2,0,0,0,7,4,0
961,33,0,3,10,3,4,1,10,1,1,7,1,4
962,28,0,1,6,0,7,0,8,0,0,6,4,0
963,39,0,2,6,3,8,3,3,0,1,9,2,3
964,33,1,3,8,5,9,7,6,1,0,9,4,5
965,25,1,1,6,6,4,2,6,1,1,7,3,3
966,21,0,1,10,6,5,0,1,1,0,9,0,5
967,25,1,1,2,6,0,3,0,1,1,3,3,3
968,21,0,3,10,2,10,8,7,1,0,3,3,2
969,41,1,2,0,5,6,0,7,0,1,1,2,3
970,42,0,0,7,7,3,10,6,0,0,5,0,2
971,20,0,1,2,3,10,1,7,0,1,4,3,3
972,20,1,3,7,7,1,8,2,1,1,2,2,2
973,44,0,3,7,1,4,1,10,0,1,9,0,3
974,35,1,0,4,9,2,2,1,1,0,3,1,5
975,43,1,0,0,8,5,6,6,0,0,8,2,0
976,36,0,3,9,8,7,2,7,0,0,6,4,0
977,36,0,2,6,7,6,8,0,1,0,5,0,2
978,38,1,0,9,9,2,5,9,1,0,1,3,4
979,22,0,3,4,9,7,2,8,0,1,4,3,3
980,35,0,0,7,0,1,8,10,0,0,3,4,2
981,27,0,2,8,1,9,0,3,0,1,1,4,3
982,39,0,1,10,5,8,9,3,0,1,5,3,2
983,38,0,0,6,9,3,2,2,0,0,6,0,0
984,23,1,2,6,4,0,0,5,1,1,2,2,3
985,18,1,3,0,8,7,1,0,1,0,3,4,5
986,22,0,0,3,4,6,7,5,1,0,6,4,5
987,26,0,0,1,1,10,6,1,1,0,4,4,5
988,29,0,3,1,9,4,1,8,0,1,9,1,3
989,43,1,1,1,3,9,1,1,0,0,5,0,0
990,31,0,3,3,8,4,8,6,1,0,4,0,2
991,19,1,0,0,0,6,5,0,0,0,2,0,0
992,34,1,3,3,10,4,4,6,1,1,6,0,3
993,31,1,2,1,0,7,9,4,0,0,2,0,2
994,43,0,3,4,6,10,5,7,0,1,7,3,3
995,30,1,0,2,10,5,8,3,0,1,3,4,2
996,44,0,3,7,2,4,10,9,1,0,9,3,2
997,26,1,1,3,9,8,6,6,1,1,5,1,1
998,43,0,3,0,1,10,9,5,1,1,8,2,2
999,42,1,1,0,8,1,9,4,1,0,6,4,2
1000,32,0,2,9,2,0,8,3,0,0,8,1,2
